suite,problem,expression,a,b,method,ftol,root,f_root,residual,reference_root,absolute_root_error,high_precision_residual,converged,status,in_initial_interval,iterations,function_evaluations,derivative_evaluations,final_a,final_b,false_position_steps,trisection_steps,wall_mean_us,wall_median_us,wall_stdev_us,cpu_mean_us,cpu_median_us
stress,S1,x^20 - 1,0,2,bisection,1e-14,1.0,0.0,0.0,1.0,0.0,0.0,True,converged,True,1,3,0,0,2,0,0,9.7149,9.375499999999999,1.8800275086639913,9.1897,8.989
stress,S1,x^20 - 1,0,2,trisection,1e-14,1.0000000000000004,8.881784197001252e-15,8.881784197001252e-15,1.0,4.440892098500626e-16,8.88178419700129e-15,True,converged,True,32,66,0,0.9999999999999993,1.0000000000000027,0,32,167.1307,166.8265,2.764766859771164,166.68880000000001,166.42649999999998
stress,S1,x^20 - 1,0,2,false_position,1e-14,0,-1.0,1.0,1.0,1.0,1.0,False,max_iterations,True,1000,1002,0,0.0019064403357907172,2,1000,0,4418.9551,4404.7635,51.94004345706904,4418.3214,4403.804
stress,S1,x^20 - 1,0,2,newton,1e-14,0,-1.0,1.0,1.0,1.0,1.0,False,zero_derivative,True,1,1,1,,,0,0,5.5871,5.611,0.8471289354834559,5.2053,5.2165
stress,S1,x^20 - 1,0,2,secant,1e-14,0,-1.0,1.0,1.0,1.0,1.0,False,zero_secant_denominator,True,3,4,0,,,0,0,7.5024,7.382,0.8147467500190884,7.126,7.0015
stress,S1,x^20 - 1,0,2,static_bf,1e-14,1.0,0.0,0.0,1.0,0.0,0.0,True,converged,True,1,4,0,0,2,0,0,11.5074,11.504,0.9131412450072189,11.0723,11.088999999999999
stress,S1,x^20 - 1,0,2,static_tf,1e-14,1.0,0.0,0.0,1.0,0.0,0.0,True,converged,True,10,32,0,0.9999999999999352,1.0000110422169328,6,4,78.3835,77.94800000000001,2.8387397144977307,77.9455,77.461
stress,S1,x^20 - 1,0,2,adaptive_threshold,1e-14,0.9999999999999999,-2.220446049250313e-15,2.220446049250313e-15,1.0,1.1102230246251565e-16,2.2204460492503107e-15,True,converged,True,60,72,0,0.999999999999996,1.0041152260155626,55,5,285.2846,283.972,7.91927360866443,284.8554,283.5335
stress,S1,x^20 - 1,0,2,cost_aware,1e-14,1.0,0.0,0.0,1.0,0.0,0.0,True,converged,True,33,67,0,0.9999999999999989,1.000000000000002,1,32,213.1739,211.97449999999998,4.652426808786044,212.6796,211.4785
stress,S1,x^20 - 1,0,2,stagnation_aware,1e-14,1.0,0.0,0.0,1.0,0.0,0.0,True,converged,True,23,30,0,0.9999999999999987,1.0006068948595779,18,5,116.0433,116.7925,2.565207596104282,115.5935,116.321
stress,S2,exp(x) - 1000,0,10,bisection,1e-14,6.907755278982137,-2.2737367544323206e-13,2.2737367544323206e-13,6.9077552789821370520539743640530926228033044658863189280999837029027178290320574,2.369515526854504e-16,2.369515526854504e-13,False,precision_limit,True,55,56,0,6.907755278982137,6.907755278982138,0,0,245.1732,243.02100000000002,7.348714578452175,244.7206,242.555
stress,S2,exp(x) - 1000,0,10,trisection,1e-14,6.907755278982137,-2.2737367544323206e-13,2.2737367544323206e-13,6.9077552789821370520539743640530926228033044658863189280999837029027178290320574,2.369515526854504e-16,2.369515526854504e-13,False,precision_limit,True,35,69,0,6.907755278982137,6.907755278982138,0,35,192.7194,191.477,4.445400474397976,192.224,190.9855
stress,S2,exp(x) - 1000,0,10,false_position,1e-14,6.907755278982131,-6.480149750132114e-12,6.480149750132114e-12,6.9077552789821370520539743640530926228033044658863189280999837029027178290320574,6.454200490586327e-15,6.4542004905863066e-12,False,precision_limit,True,230,231,0,6.907755278982131,10,230,0,1044.7193,1040.7910000000002,23.449220484793184,1044.1477,1040.175
stress,S2,exp(x) - 1000,0,10,newton,1e-14,0,-999.0,999.0,6.9077552789821370520539743640530926228033044658863189280999837029027178290320574,6.907755278982137,999.0,False,function_domain_error,True,1,2,1,,,0,0,9.4479,9.0875,1.280226928668855,8.9829,8.559999999999999
stress,S2,exp(x) - 1000,0,10,secant,1e-14,0.8863221048213414,-997.5738100505936,997.5738100505936,6.9077552789821370520539743640530926228033044658863189280999837029027178290320574,6.021433174160796,997.5738100505936,False,precision_limit,True,5,6,0,,,0,0,9.658,9.594999999999999,0.8185458651372771,9.2299,9.149000000000001
stress,S2,exp(x) - 1000,0,10,static_bf,1e-14,6.907755278982137,-2.2737367544323206e-13,2.2737367544323206e-13,6.9077552789821370520539743640530926228033044658863189280999837029027178290320574,2.369515526854504e-16,2.369515526854504e-13,False,precision_limit,True,12,24,0,6.907755278982137,6.907755278982138,8,0,86.1287,86.2325,2.5212311829298346,85.66539999999999,85.7695
stress,S2,exp(x) - 1000,0,10,static_tf,1e-14,6.907755278982137,-2.2737367544323206e-13,2.2737367544323206e-13,6.9077552789821370520539743640530926228033044658863189280999837029027178290320574,2.369515526854504e-16,2.369515526854504e-13,False,precision_limit,True,12,33,0,6.907755278982137,6.907755278982138,9,3,93.5978,94.083,3.0658251309122835,93.1343,93.674
stress,S2,exp(x) - 1000,0,10,adaptive_threshold,1e-14,6.907755278982137,-2.2737367544323206e-13,2.2737367544323206e-13,6.9077552789821370520539743640530926228033044658863189280999837029027178290320574,2.369515526854504e-16,2.369515526854504e-13,False,precision_limit,True,141,149,0,6.907755278982137,6.945931137895295,137,4,656.7302999999999,652.9735000000001,15.714649414903706,655.961,652.47
stress,S2,exp(x) - 1000,0,10,cost_aware,1e-14,6.907755278982137,-2.2737367544323206e-13,2.2737367544323206e-13,6.9077552789821370520539743640530926228033044658863189280999837029027178290320574,2.369515526854504e-16,2.369515526854504e-13,False,precision_limit,True,41,44,0,6.907755278982137,7.878570197819284,39,2,249.0933,248.1145,6.905938218502814,248.5897,247.586
stress,S2,exp(x) - 1000,0,10,stagnation_aware,1e-14,6.907755278982137,-2.2737367544323206e-13,2.2737367544323206e-13,6.9077552789821370520539743640530926228033044658863189280999837029027178290320574,2.369515526854504e-16,2.369515526854504e-13,False,precision_limit,True,19,24,0,6.907755278982137,6.907755278982138,15,4,100.8622,100.16149999999999,2.332976868009338,100.3633,99.72200000000001
stress,S3,(x - 0.3)^3,0,1,bisection,1e-14,0.29998779296875,-1.8189894035408934e-15,1.8189894035408934e-15,0.3,1.220703125e-05,1.8189894035458565e-15,True,converged,True,14,16,0,0.2999267578125,0.300048828125,0,0,69.3237,69.0935,2.580840304586431,68.89750000000001,68.6385
stress,S3,(x - 0.3)^3,0,1,trisection,1e-14,0.3000050805263426,1.3113726524727498e-16,1.3113726524727498e-16,0.3,5.080526342615688e-06,1.3113726524641527e-16,True,converged,True,9,20,0,0.2999542752629173,0.3001066910531932,0,9,54.4285,54.592,1.2622661499594026,53.9865,54.1605
stress,S3,(x - 0.3)^3,0,1,false_position,1e-14,0.2847103127747116,-3.574339528223975e-06,3.574339528223975e-06,0.3,0.015289687225288406,3.5743395282239827e-06,False,max_iterations,True,1000,1002,0,0.2847103127747116,1,1000,0,4437.1314,4440.709000000001,46.61140782445623,4436.4793,4440.2325
stress,S3,(x - 0.3)^3,0,1,newton,1e-14,0.29998217904238095,-5.6596960997001216e-15,5.6596960997001216e-15,0.3,1.7820957619052447e-05,5.6596960997106994e-15,True,converged,True,24,25,24,,,0,0,22.288,22.1735,0.989892811256743,21.8828,21.79
stress,S3,(x - 0.3)^3,0,1,secant,1e-14,0.29998240891786515,-5.443493004648237e-15,5.443493004648237e-15,0.3,1.7591082134849057e-05,5.443493004658544e-15,True,converged,True,35,37,0,,,0,0,24.4083,24.166,1.0337078944804048,23.9856,23.775
stress,S3,(x - 0.3)^3,0,1,static_bf,1e-14,0.29998950371345307,-1.1563972097204542e-15,1.1563972097204542e-15,0.3,1.0496286546934908e-05,1.1563972097241236e-15,True,converged,True,8,18,0,0.2999379718098418,0.30004103561706436,0,0,56.9814,56.911500000000004,2.4304356353908614,56.555,56.4925
stress,S3,(x - 0.3)^3,0,1,static_tf,1e-14,0.30000347941993605,4.212312109353561e-17,4.212312109353561e-17,0.3,3.479419936047723e-06,4.2123121093132383e-17,True,converged,True,8,26,0,0.2998931171798739,0.3002242039000604,3,5,64.6228,64.381,1.6384398269898925,64.2155,63.978500000000004
stress,S3,(x - 0.3)^3,0,1,adaptive_threshold,1e-14,0.3000125439188672,1.9737843862392704e-15,1.9737843862392704e-15,0.3,1.2543918867224945e-05,1.9737843862340296e-15,True,converged,True,15,31,0,0.2999588957180759,0.3000257809430016,8,7,97.08,95.3065,4.214251851357091,96.6404,94.8945
stress,S3,(x - 0.3)^3,0,1,cost_aware,1e-14,0.2999846211094497,-3.6372656264579735e-15,3.6372656264579735e-15,0.3,1.53788905503216e-05,3.63726562646585e-15,True,converged,True,10,21,0,0.29989042540482874,0.3000317189617602,1,9,74.6962,74.989,2.8990381470028574,74.2345,74.5755
stress,S3,(x - 0.3)^3,0,1,stagnation_aware,1e-14,0.29998799494565476,-1.730184396940009e-15,1.730184396940009e-15,0.3,1.2005054345243239e-05,1.7301843969448092e-15,True,converged,True,25,35,0,0.29991596461958314,0.3000240101086905,17,8,125.28999999999999,124.8135,2.680530420146978,124.8484,124.3815
stress,S4,1e-12*(x^2 - 2),0,2,bisection,1e-14,1.4140625,-4.2724609375e-16,4.2724609375e-16,1.414213562373095048801688724209698078569671875376948073176679737990732478462107,0.0001510623730950488,4.2724609375e-16,True,converged,True,8,10,0,1.40625,1.421875,0,0,42.7413,42.389,3.422436106050777,42.1796,41.965999999999994
stress,S4,1e-12*(x^2 - 2),0,2,trisection,1e-14,1.4156378600823047,4.0305508984070924e-15,4.0305508984070924e-15,1.414213562373095048801688724209698078569671875376948073176679737990732478462107,0.0014242977092096955,4.030550898407024e-15,True,converged,True,5,12,0,1.4074074074074074,1.432098765432099,0,5,33.8018,33.5945,1.5218425090074934,33.3676,33.1545
stress,S4,1e-12*(x^2 - 2),0,2,false_position,1e-14,1.411764705882353,-6.9204152249131565e-15,6.9204152249131565e-15,1.414213562373095048801688724209698078569671875376948073176679737990732478462107,0.002448856490742016,6.920415224913237e-15,True,converged,True,4,6,0,1.4000000000000001,2,4,0,24.4063,24.6445,0.7570835929186862,23.9942,24.235500000000002
stress,S4,1e-12*(x^2 - 2),0,2,newton,1e-14,0,-2e-12,2e-12,1.414213562373095048801688724209698078569671875376948073176679737990732478462107,1.4142135623730951,2e-12,False,zero_derivative,True,1,1,1,,,0,0,4.9762,4.993,0.22446024146828328,4.5855,4.636
stress,S4,1e-12*(x^2 - 2),0,2,secant,1e-14,1.4137931034482758,-1.1890606420930094e-15,1.1890606420930094e-15,1.414213562373095048801688724209698078569671875376948073176679737990732478462107,0.000420458924819248,1.1890606420929199e-15,True,converged,True,4,6,0,,,0,0,8.1593,8.182500000000001,0.45092153789027795,7.7642,7.78
stress,S4,1e-12*(x^2 - 2),0,2,static_bf,1e-14,1.4117647058823528,-6.920415224913823e-15,6.920415224913823e-15,1.414213562373095048801688724209698078569671875376948073176679737990732478462107,0.002448856490742238,6.920415224913863e-15,True,converged,True,3,7,0,1.3333333333333335,1.5,2,0,25.6368,25.819000000000003,0.5839080597339131,25.2214,25.423000000000002
stress,S4,1e-12*(x^2 - 2),0,2,static_tf,1e-14,1.4135338345864663,-1.922098479280487e-15,1.922098479280487e-15,1.414213562373095048801688724209698078569671875376948073176679737990732478462107,0.0006797277866287398,1.9220984792805033e-15,True,converged,True,3,11,0,1.4,1.5555555555555556,2,1,28.4653,28.2435,0.9668864175509159,28.0469,27.811999999999998
stress,S4,1e-12*(x^2 - 2),0,2,adaptive_threshold,1e-14,1.411764705882353,-6.9204152249131565e-15,6.9204152249131565e-15,1.414213562373095048801688724209698078569671875376948073176679737990732478462107,0.002448856490742016,6.920415224913237e-15,True,converged,True,4,6,0,1.4000000000000001,2,4,0,26.1916,26.239,1.265632138937342,25.7654,25.8215
stress,S4,1e-12*(x^2 - 2),0,2,cost_aware,1e-14,1.4133333333333333,-2.4888888888889848e-15,2.4888888888889848e-15,1.414213562373095048801688724209698078569671875376948073176679737990732478462107,0.0008802290397617184,2.4888888888888972e-15,True,converged,True,4,8,0,1.3333333333333335,1.4444444444444446,2,2,34.0251,33.8605,1.197562102309892,33.583600000000004,33.433
stress,S4,1e-12*(x^2 - 2),0,2,stagnation_aware,1e-14,1.4133333333333333,-2.4888888888889848e-15,2.4888888888889848e-15,1.414213562373095048801688724209698078569671875376948073176679737990732478462107,0.0008802290397617184,2.4888888888888972e-15,True,converged,True,5,8,0,1.4000000000000001,1.6,4,1,31.6982,31.8855,1.1761148658943905,31.249,31.413
stress,S5,x - 0.123456789,0,1,bisection,1e-14,0.12345678900000223,2.2343238370581275e-15,2.2343238370581275e-15,0.123456789,2.231659891549498e-15,2.231659891549498e-15,True,converged,True,46,48,0,0.12345678899998802,0.12345678900001644,0,0,206.3126,204.322,7.184586312995958,205.8525,203.87
stress,S5,x - 0.123456789,0,1,trisection,1e-14,0.12345678900000384,3.8441472227646045e-15,3.8441472227646045e-15,0.123456789,3.841483277255975e-15,3.841483277255975e-15,True,converged,True,27,56,0,0.1234567889998727,0.12345678900026612,0,27,147.445,146.148,4.0201744572427085,147.00990000000002,145.7415
stress,S5,x - 0.123456789,0,1,false_position,1e-14,0.123456789,0.0,0.0,0.123456789,2.663945508629695e-18,2.663945508629695e-18,True,converged,True,1,3,0,0,1,1,0,7.8827,7.561,1.1888138860038417,7.4875,7.1240000000000006
stress,S5,x - 0.123456789,0,1,newton,1e-14,0.123456789,0.0,0.0,0.123456789,2.663945508629695e-18,2.663945508629695e-18,True,converged,True,1,2,1,,,0,0,5.2059,5.445,0.7164316591428815,4.8206,5.022
stress,S5,x - 0.123456789,0,1,secant,1e-14,0.12345678900000001,1.3877787807814457e-17,1.3877787807814457e-17,0.123456789,1.1213842299184762e-17,1.1213842299184762e-17,True,converged,True,1,3,0,,,0,0,5.1859,5.0295,0.668903655244909,4.7959,4.640000000000001
stress,S5,x - 0.123456789,0,1,static_bf,1e-14,0.123456789,0.0,0.0,0.123456789,2.663945508629695e-18,2.663945508629695e-18,True,converged,True,1,4,0,0,1,1,0,9.6308,9.5245,1.0606377326872736,9.2407,9.165
stress,S5,x - 0.123456789,0,1,static_tf,1e-14,0.123456789,0.0,0.0,0.123456789,2.663945508629695e-18,2.663945508629695e-18,True,converged,True,1,5,0,0,1,1,0,10.525,10.0945,1.6724542179417379,10.038,9.661
stress,S5,x - 0.123456789,0,1,adaptive_threshold,1e-14,0.123456789,0.0,0.0,0.123456789,2.663945508629695e-18,2.663945508629695e-18,True,converged,True,1,3,0,0,1,1,0,8.2265,8.073,1.233624312521622,7.8392,7.6865000000000006
stress,S5,x - 0.123456789,0,1,cost_aware,1e-14,0.123456789,0.0,0.0,0.123456789,2.663945508629695e-18,2.663945508629695e-18,True,converged,True,1,3,0,0,1,1,0,9.5668,9.411999999999999,1.008184044044869,9.165000000000001,8.9955
stress,S5,x - 0.123456789,0,1,stagnation_aware,1e-14,0.123456789,0.0,0.0,0.123456789,2.663945508629695e-18,2.663945508629695e-18,True,converged,True,1,3,0,0,1,1,0,7.6186,7.5545,0.998434463436523,7.234999999999999,7.1795
