suite,method,problems,successes,failures,target_interval_successes,iterations_all,function_evaluations_all,derivative_evaluations_all,mean_function_evaluations_success,mean_wall_us_all,mean_cpu_us_all
paper,bisection,15,15,0,15,317,347,0,23.133333333333333,102.47922666666666,102.01666666666667
paper,trisection,15,15,0,15,186,402,0,26.8,75.19967333333334,74.78196666666666
paper,false_position,15,15,0,15,233,263,0,17.533333333333335,78.69971333333334,78.26542666666667
paper,newton,15,12,3,11,68,80,68,6.416666666666667,9.069926666666667,8.691906666666666
paper,secant,15,14,1,14,80,109,0,7.357142857142857,9.150173333333333,8.7809
paper,static_bf,15,15,0,15,83,196,0,13.066666666666666,42.9229,42.51629333333333
paper,static_tf,15,15,0,15,67,229,0,15.266666666666667,40.34845333333333,39.935113333333334
paper,adaptive_threshold,15,15,0,15,233,265,0,17.666666666666668,80.58736666666667,80.15946666666666
paper,cost_aware,15,15,0,15,132,219,0,14.6,64.31092666666667,63.87484
paper,stagnation_aware,15,15,0,15,134,189,0,12.6,51.92366666666667,51.507039999999996
