problem,method,published_iterations,measured_iterations,difference,status
P1,static_bf,8,7,-1,converged
P1,static_tf,7,6,-1,converged
P2,static_bf,10,9,-1,converged
P2,static_tf,8,7,-1,converged
P3,static_bf,7,6,-1,converged
P3,static_tf,6,5,-1,converged
P4,static_bf,2,2,0,converged
P4,static_tf,1,1,0,converged
P5,static_bf,5,4,-1,converged
P5,static_tf,7,6,-1,converged
P6,static_bf,9,8,-1,converged
P6,static_tf,8,7,-1,converged
P7,static_bf,11,9,-2,converged
P7,static_tf,7,6,-1,converged
P8,static_bf,8,6,-2,converged
P8,static_tf,7,6,-1,converged
P9,static_bf,6,5,-1,converged
P9,static_tf,5,4,-1,converged
P10,static_bf,10,8,-2,converged
P10,static_tf,8,6,-2,converged
P11,static_bf,12,11,-1,converged
P11,static_tf,9,8,-1,converged
P12,static_bf,8,7,-1,converged
P12,static_tf,6,5,-1,converged
P13,static_bf,9,8,-1,converged
P13,static_tf,7,6,-1,converged
P14,static_bf,9,8,-1,converged
P14,static_tf,7,6,-1,converged
P15,static_bf,7,6,-1,converged
P15,static_tf,5,5,0,converged
