suite,adaptive,baseline,metric,paired_successes,wins,ties,losses,median_ratio_to_baseline
paper,adaptive_threshold,static_bf,iterations,15,0,1,14,2.1818181818181817
paper,adaptive_threshold,static_bf,function_evaluations,15,5,1,9,1.25
paper,adaptive_threshold,static_bf,wall_median_us,15,2,0,13,1.6443711356498032
paper,adaptive_threshold,static_tf,iterations,15,0,0,15,3.0
paper,adaptive_threshold,static_tf,function_evaluations,15,6,0,9,1.1176470588235294
paper,adaptive_threshold,static_tf,wall_median_us,15,2,0,13,1.865577481202586
paper,cost_aware,static_bf,iterations,15,0,1,14,1.8333333333333333
paper,cost_aware,static_bf,function_evaluations,15,7,0,8,1.15
paper,cost_aware,static_bf,wall_median_us,15,0,0,15,1.8380263141391462
paper,cost_aware,static_tf,iterations,15,0,0,15,2.0
paper,cost_aware,static_tf,function_evaluations,15,8,2,5,0.8235294117647058
paper,cost_aware,static_tf,wall_median_us,15,0,0,15,1.5588798870474332
paper,stagnation_aware,static_bf,iterations,15,0,0,15,1.6666666666666667
paper,stagnation_aware,static_bf,function_evaluations,15,4,3,8,1.0384615384615385
paper,stagnation_aware,static_bf,wall_median_us,15,1,0,14,1.2869595755622172
paper,stagnation_aware,static_tf,iterations,15,0,0,15,2.142857142857143
paper,stagnation_aware,static_tf,function_evaluations,15,11,0,4,0.8846153846153846
paper,stagnation_aware,static_tf,wall_median_us,15,1,0,14,1.4139565648770809
