suite,problem,method,repetition,wall_us,cpu_us
paper,P1,bisection,1,219.196,216.534
paper,P1,static_bf,1,60.106,59.361
paper,P1,cost_aware,1,67.047,66.594
paper,P1,stagnation_aware,1,69.834,69.419
paper,P1,secant,1,10.946,10.538
paper,P1,false_position,1,72.933,72.545
paper,P1,newton,1,9.956,9.614
paper,P1,static_tf,1,58.582,58.218
paper,P1,trisection,1,161.582,161.207
paper,P1,adaptive_threshold,1,70.166,69.813
paper,P1,cost_aware,2,66.916,66.493
paper,P1,static_bf,2,56.444,56.014
paper,P1,stagnation_aware,2,70.105,69.758
paper,P1,static_tf,2,58.489,58.115
paper,P1,trisection,2,161.685,161.329
paper,P1,newton,2,9.919,9.595
paper,P1,secant,2,8.264,7.961
paper,P1,adaptive_threshold,2,69.289,68.887
paper,P1,bisection,2,210.502,210.108
paper,P1,false_position,2,64.504,64.12
paper,P1,stagnation_aware,3,69.111,68.707
paper,P1,cost_aware,3,66.84,66.435
paper,P1,static_bf,3,55.336,54.941
paper,P1,bisection,3,209.214,208.822
paper,P1,newton,3,9.543,9.187
paper,P1,secant,3,7.725,7.4
paper,P1,static_tf,3,60.55,60.151
paper,P1,false_position,3,64.825,64.427
paper,P1,trisection,3,158.805,158.451
paper,P1,adaptive_threshold,3,69.374,69.004
paper,P1,newton,4,9.222,8.877
paper,P1,trisection,4,155.876,155.536
paper,P1,false_position,4,64.443,64.055
paper,P1,stagnation_aware,4,65.0,64.643
paper,P1,bisection,4,213.51,213.133
paper,P1,static_tf,4,53.533,53.145
paper,P1,cost_aware,4,65.992,65.632
paper,P1,static_bf,4,56.315,55.949
paper,P1,secant,4,8.975,8.578
paper,P1,adaptive_threshold,4,68.733,68.37
paper,P1,static_tf,5,59.636,59.272
paper,P1,newton,5,9.114,8.765
paper,P1,bisection,5,221.892,221.519
paper,P1,adaptive_threshold,5,65.63,65.242
paper,P1,false_position,5,65.097,64.704
paper,P1,trisection,5,162.848,162.501
paper,P1,stagnation_aware,5,69.229,68.87
paper,P1,static_bf,5,54.775,54.402
paper,P1,cost_aware,5,65.281,64.926
paper,P1,secant,5,9.206,8.855
paper,P1,false_position,6,71.422,71.064
paper,P1,secant,6,8.227,7.917
paper,P1,bisection,6,201.225,200.863
paper,P1,static_bf,6,51.662,51.271
paper,P1,cost_aware,6,67.026,66.635
paper,P1,adaptive_threshold,6,97.453,97.025
paper,P1,trisection,6,167.065,166.646
paper,P1,static_tf,6,56.063,55.621
paper,P1,newton,6,9.486,9.13
paper,P1,stagnation_aware,6,73.674,73.268
paper,P1,stagnation_aware,7,67.942,67.532
paper,P1,trisection,7,167.808,167.43
paper,P1,adaptive_threshold,7,66.529,66.161
paper,P1,cost_aware,7,65.598,65.232
paper,P1,secant,7,9.359,9.009
paper,P1,static_tf,7,57.682,57.33
paper,P1,static_bf,7,54.007,53.677
paper,P1,false_position,7,64.482,64.111
paper,P1,newton,7,8.725,8.386
paper,P1,bisection,7,205.689,205.335
paper,P1,cost_aware,8,64.847,64.481
paper,P1,secant,8,10.207,9.867
paper,P1,newton,8,7.851,7.531
paper,P1,static_tf,8,58.584,58.249
paper,P1,trisection,8,156.512,156.106
paper,P1,bisection,8,197.476,197.065
paper,P1,static_bf,8,52.94,52.514
paper,P1,stagnation_aware,8,67.655,67.253
paper,P1,adaptive_threshold,8,68.6,68.234
paper,P1,false_position,8,64.068,63.718
paper,P1,static_tf,9,58.442,58.089
paper,P1,adaptive_threshold,9,64.866,64.442
paper,P1,newton,9,11.54,11.18
paper,P1,bisection,9,203.316,202.929
paper,P1,trisection,9,154.85,154.516
paper,P1,false_position,9,64.585,64.22
paper,P1,secant,9,18.52,18.16
paper,P1,static_bf,9,54.829,54.453
paper,P1,stagnation_aware,9,67.756,67.351
paper,P1,cost_aware,9,65.722,65.357
paper,P1,false_position,10,65.834,65.467
paper,P1,trisection,10,159.271,158.814
paper,P1,stagnation_aware,10,66.696,66.305
paper,P1,static_bf,10,53.881,53.508
paper,P1,adaptive_threshold,10,70.939,70.53
paper,P1,newton,10,9.326,8.984
paper,P1,secant,10,7.817,7.4
paper,P1,bisection,10,213.916,213.557
paper,P1,cost_aware,10,69.847,69.359
paper,P1,static_tf,10,58.47,58.114
paper,P2,adaptive_threshold,1,192.305,190.766
paper,P2,secant,1,11.391,11.011
paper,P2,stagnation_aware,1,96.997,96.594
paper,P2,static_bf,1,70.41,69.988
paper,P2,cost_aware,1,151.786,151.385
paper,P2,trisection,1,173.374,172.909
paper,P2,newton,1,9.669,9.257
paper,P2,static_tf,1,63.282,62.927
paper,P2,false_position,1,225.659,225.173
paper,P2,bisection,1,206.185,205.75
paper,P2,adaptive_threshold,2,185.623,185.172
paper,P2,stagnation_aware,2,95.335,94.887
paper,P2,trisection,2,172.646,172.221
paper,P2,false_position,2,224.14,223.727
paper,P2,static_tf,2,61.323,60.9
paper,P2,secant,2,9.899,9.499
paper,P2,newton,2,7.47,7.131
paper,P2,cost_aware,2,153.097,152.692
paper,P2,bisection,2,211.349,210.947
paper,P2,static_bf,2,65.764,65.362
paper,P2,static_bf,3,65.352,64.887
paper,P2,cost_aware,3,149.488,149.063
paper,P2,newton,3,8.69,8.326
paper,P2,bisection,3,211.707,211.353
paper,P2,trisection,3,164.716,164.368
paper,P2,stagnation_aware,3,95.927,95.52
paper,P2,static_tf,3,60.234,59.899
paper,P2,secant,3,9.288,8.947
paper,P2,false_position,3,225.719,225.406
paper,P2,adaptive_threshold,3,180.053,179.622
paper,P2,secant,4,9.752,9.367
paper,P2,stagnation_aware,4,94.497,94.082
paper,P2,newton,4,8.115,7.753
paper,P2,static_bf,4,67.225,66.864
paper,P2,adaptive_threshold,4,185.056,184.645
paper,P2,cost_aware,4,158.837,158.379
paper,P2,static_tf,4,65.492,65.061
paper,P2,bisection,4,206.811,206.402
paper,P2,false_position,4,221.982,221.59
paper,P2,trisection,4,166.66,166.268
paper,P2,cost_aware,5,155.464,155.015
paper,P2,static_tf,5,63.143,62.721
paper,P2,trisection,5,173.079,172.676
paper,P2,newton,5,10.269,9.876
paper,P2,secant,5,8.76,8.427
paper,P2,bisection,5,213.368,212.974
paper,P2,adaptive_threshold,5,184.571,184.156
paper,P2,static_bf,5,68.278,67.836
paper,P2,stagnation_aware,5,95.303,94.882
paper,P2,false_position,5,237.45,237.02
paper,P2,secant,6,9.337,8.962
paper,P2,trisection,6,179.313,178.926
paper,P2,adaptive_threshold,6,194.143,193.733
paper,P2,static_bf,6,64.58,64.183
paper,P2,bisection,6,216.005,215.582
paper,P2,cost_aware,6,145.863,145.445
paper,P2,static_tf,6,63.9,63.479
paper,P2,newton,6,8.196,7.856
paper,P2,false_position,6,228.302,227.905
paper,P2,stagnation_aware,6,96.281,95.898
paper,P2,newton,7,9.181,8.81
paper,P2,cost_aware,7,148.652,148.259
paper,P2,adaptive_threshold,7,179.909,179.49
paper,P2,stagnation_aware,7,92.249,91.832
paper,P2,static_bf,7,66.359,65.934
paper,P2,trisection,7,172.013,171.637
paper,P2,bisection,7,209.426,209.03
paper,P2,static_tf,7,62.197,61.8
paper,P2,secant,7,11.361,10.958
paper,P2,false_position,7,223.445,223.06
paper,P2,bisection,8,212.61,211.968
paper,P2,cost_aware,8,157.223,156.802
paper,P2,static_bf,8,68.597,68.148
paper,P2,adaptive_threshold,8,184.8,184.368
paper,P2,false_position,8,226.699,226.239
paper,P2,secant,8,9.66,9.252
paper,P2,trisection,8,181.104,180.683
paper,P2,stagnation_aware,8,98.19,97.803
paper,P2,newton,8,8.48,8.106
paper,P2,static_tf,8,62.993,62.537
paper,P2,trisection,9,171.447,170.98
paper,P2,static_tf,9,60.996,60.543
paper,P2,cost_aware,9,156.455,156.002
paper,P2,secant,9,9.646,9.285
paper,P2,false_position,9,234.533,234.104
paper,P2,adaptive_threshold,9,192.044,191.449
paper,P2,newton,9,9.107,8.75
paper,P2,static_bf,9,68.064,67.704
paper,P2,bisection,9,209.848,209.469
paper,P2,stagnation_aware,9,95.403,95.005
paper,P2,bisection,10,207.807,207.409
paper,P2,secant,10,9.6,9.233
paper,P2,stagnation_aware,10,94.916,94.522
paper,P2,false_position,10,225.527,225.154
paper,P2,trisection,10,171.525,170.925
paper,P2,static_bf,10,77.356,76.806
paper,P2,static_tf,10,60.048,59.672
paper,P2,adaptive_threshold,10,183.67,183.249
paper,P2,cost_aware,10,150.614,150.195
paper,P2,newton,10,8.948,8.591
paper,P3,false_position,1,86.514,84.829
paper,P3,secant,1,10.98,10.572
paper,P3,newton,1,8.153,7.764
paper,P3,bisection,1,225.934,225.361
paper,P3,static_tf,1,60.646,60.265
paper,P3,trisection,1,166.835,166.288
paper,P3,cost_aware,1,140.599,139.766
paper,P3,stagnation_aware,1,125.517,124.629
paper,P3,static_bf,1,97.533,96.68
paper,P3,adaptive_threshold,1,144.806,143.793
paper,P3,stagnation_aware,2,95.887,95.126
paper,P3,static_tf,2,97.595,96.669
paper,P3,false_position,2,140.353,139.523
paper,P3,newton,2,15.678,15.067
paper,P3,bisection,2,331.287,330.408
paper,P3,cost_aware,2,143.011,142.237
paper,P3,secant,2,16.06,15.33
paper,P3,static_bf,2,98.446,97.782
paper,P3,adaptive_threshold,2,133.789,132.942
paper,P3,trisection,2,229.729,228.657
paper,P3,bisection,3,363.063,361.796
paper,P3,false_position,3,128.374,127.608
paper,P3,cost_aware,3,135.354,134.599
paper,P3,static_tf,3,74.506,74.012
paper,P3,trisection,3,259.656,258.738
paper,P3,static_bf,3,94.289,93.459
paper,P3,stagnation_aware,3,120.936,120.157
paper,P3,newton,3,15.124,14.563
paper,P3,secant,3,13.6,12.913
paper,P3,adaptive_threshold,3,139.632,138.402
paper,P3,newton,4,14.127,13.36
paper,P3,false_position,4,139.669,138.808
paper,P3,trisection,4,265.324,264.432
paper,P3,bisection,4,357.972,357.086
paper,P3,stagnation_aware,4,115.805,115.179
paper,P3,cost_aware,4,140.893,139.992
paper,P3,static_bf,4,97.826,97.09
paper,P3,adaptive_threshold,4,128.702,128.055
paper,P3,static_tf,4,100.034,99.317
paper,P3,secant,4,15.262,14.776
paper,P3,static_tf,5,62.194,61.612
paper,P3,bisection,5,222.176,221.764
paper,P3,trisection,5,159.423,159.019
paper,P3,static_bf,5,58.113,57.687
paper,P3,newton,5,10.437,10.063
paper,P3,false_position,5,85.139,84.621
paper,P3,adaptive_threshold,5,76.688,76.165
paper,P3,secant,5,9.875,9.481
paper,P3,cost_aware,5,85.92,85.26
paper,P3,stagnation_aware,5,71.784,71.352
paper,P3,stagnation_aware,6,70.685,70.219
paper,P3,trisection,6,161.752,161.153
paper,P3,static_bf,6,55.789,55.351
paper,P3,false_position,6,80.477,79.993
paper,P3,newton,6,9.236,8.916
paper,P3,static_tf,6,55.411,55.023
paper,P3,cost_aware,6,80.696,80.335
paper,P3,bisection,6,220.423,219.833
paper,P3,secant,6,9.416,9.029
paper,P3,adaptive_threshold,6,79.374,78.951
paper,P3,bisection,7,208.467,207.91
paper,P3,adaptive_threshold,7,83.767,83.323
paper,P3,stagnation_aware,7,69.226,68.773
paper,P3,cost_aware,7,79.795,79.406
paper,P3,static_bf,7,55.4,54.965
paper,P3,false_position,7,76.518,76.103
paper,P3,secant,7,8.998,8.659
paper,P3,newton,7,7.393,7.045
paper,P3,static_tf,7,58.813,58.408
paper,P3,trisection,7,158.264,157.83
paper,P3,cost_aware,8,106.177,105.604
paper,P3,adaptive_threshold,8,113.229,112.509
paper,P3,false_position,8,127.004,126.251
paper,P3,stagnation_aware,8,114.444,113.836
paper,P3,static_bf,8,92.124,91.606
paper,P3,secant,8,14.151,13.502
paper,P3,static_tf,8,104.093,102.815
paper,P3,trisection,8,190.898,190.297
paper,P3,newton,8,10.112,9.709
paper,P3,bisection,8,216.596,216.118
paper,P3,trisection,9,160.451,159.908
paper,P3,cost_aware,9,89.829,89.291
paper,P3,newton,9,9.342,8.961
paper,P3,adaptive_threshold,9,95.104,94.617
paper,P3,false_position,9,80.218,79.784
paper,P3,static_bf,9,54.531,54.137
paper,P3,bisection,9,214.662,214.116
paper,P3,secant,9,12.487,12.058
paper,P3,static_tf,9,73.998,73.141
paper,P3,stagnation_aware,9,73.95,73.408
paper,P3,bisection,10,214.759,214.357
paper,P3,static_bf,10,55.868,55.486
paper,P3,stagnation_aware,10,67.279,66.895
paper,P3,trisection,10,161.175,160.663
paper,P3,newton,10,8.377,8.019
paper,P3,false_position,10,81.115,80.788
paper,P3,secant,10,8.947,8.583
paper,P3,static_tf,10,55.044,54.674
paper,P3,cost_aware,10,82.136,81.787
paper,P3,adaptive_threshold,10,77.247,76.834
paper,P4,bisection,1,249.281,245.95
paper,P4,stagnation_aware,1,89.619,89.13
paper,P4,secant,1,11.119,10.615
paper,P4,false_position,1,185.726,185.291
paper,P4,newton,1,10.648,10.298
paper,P4,adaptive_threshold,1,155.626,155.252
paper,P4,static_bf,1,21.278,20.901
paper,P4,static_tf,1,10.419,10.005
paper,P4,cost_aware,1,104.275,103.879
paper,P4,trisection,1,11.017,10.612
paper,P4,secant,2,10.407,10.043
paper,P4,bisection,2,211.38,210.941
paper,P4,static_tf,2,12.101,11.688
paper,P4,false_position,2,171.663,170.978
paper,P4,cost_aware,2,104.831,104.324
paper,P4,adaptive_threshold,2,167.315,166.872
paper,P4,static_bf,2,18.751,18.366
paper,P4,stagnation_aware,2,110.276,109.706
paper,P4,trisection,2,14.354,13.838
paper,P4,newton,2,14.946,14.456
paper,P4,stagnation_aware,3,152.378,151.533
paper,P4,static_tf,3,20.5,19.936
paper,P4,cost_aware,3,176.752,176.021
paper,P4,trisection,3,12.459,11.975
paper,P4,static_bf,3,20.461,20.1
paper,P4,secant,3,10.217,9.859
paper,P4,adaptive_threshold,3,161.708,161.206
paper,P4,false_position,3,183.9,183.346
paper,P4,newton,3,11.655,11.285
paper,P4,bisection,3,221.748,221.24
paper,P4,static_tf,4,12.776,12.392
paper,P4,bisection,4,226.47,225.945
paper,P4,false_position,4,211.447,210.816
paper,P4,cost_aware,4,107.834,107.406
paper,P4,newton,4,10.53,10.167
paper,P4,adaptive_threshold,4,155.64,155.133
paper,P4,stagnation_aware,4,99.65,99.169
paper,P4,trisection,4,10.404,10.013
paper,P4,static_bf,4,19.578,19.217
paper,P4,secant,4,10.725,10.381
paper,P4,stagnation_aware,5,93.226,92.653
paper,P4,trisection,5,10.964,10.595
paper,P4,secant,5,9.858,9.434
paper,P4,bisection,5,223.503,223.041
paper,P4,false_position,5,174.238,173.685
paper,P4,cost_aware,5,109.64,108.95
paper,P4,newton,5,11.017,10.618
paper,P4,static_bf,5,21.412,20.901
paper,P4,static_tf,5,11.087,10.74
paper,P4,adaptive_threshold,5,228.177,227.482
paper,P4,static_bf,6,29.533,28.965
paper,P4,stagnation_aware,6,110.967,110.366
paper,P4,static_tf,6,12.086,11.663
paper,P4,false_position,6,178.473,178.053
paper,P4,adaptive_threshold,6,159.395,158.961
paper,P4,newton,6,10.817,10.431
paper,P4,bisection,6,217.913,217.356
paper,P4,trisection,6,9.285,8.882
paper,P4,cost_aware,6,108.883,108.491
paper,P4,secant,6,11.274,10.887
paper,P4,static_tf,7,12.313,11.897
paper,P4,secant,7,9.091,8.668
paper,P4,cost_aware,7,122.428,122.016
paper,P4,newton,7,10.509,10.133
paper,P4,static_bf,7,20.408,20.013
paper,P4,trisection,7,8.953,8.386
paper,P4,bisection,7,216.968,216.5
paper,P4,stagnation_aware,7,91.75,91.25
paper,P4,adaptive_threshold,7,154.474,153.973
paper,P4,false_position,7,171.545,171.118
paper,P4,stagnation_aware,8,95.127,94.697
paper,P4,newton,8,9.875,9.493
paper,P4,adaptive_threshold,8,168.03,167.447
paper,P4,trisection,8,10.489,10.089
paper,P4,static_bf,8,19.171,18.776
paper,P4,false_position,8,168.347,167.871
paper,P4,cost_aware,8,105.59,105.089
paper,P4,secant,8,11.393,11.022
paper,P4,static_tf,8,12.368,12.004
paper,P4,bisection,8,213.075,212.636
paper,P4,trisection,9,9.88,9.486
paper,P4,newton,9,8.971,8.612
paper,P4,static_bf,9,19.241,18.871
paper,P4,false_position,9,172.731,172.329
paper,P4,stagnation_aware,9,103.517,102.827
paper,P4,adaptive_threshold,9,160.856,160.338
paper,P4,secant,9,10.209,9.828
paper,P4,cost_aware,9,126.515,125.921
paper,P4,bisection,9,373.772,372.56
paper,P4,static_tf,9,23.188,22.542
paper,P4,secant,10,18.008,17.445
paper,P4,static_bf,10,33.048,32.502
paper,P4,static_tf,10,17.436,16.907
paper,P4,adaptive_threshold,10,274.849,273.975
paper,P4,newton,10,17.366,16.719
paper,P4,false_position,10,280.267,279.607
paper,P4,stagnation_aware,10,97.781,97.282
paper,P4,cost_aware,10,113.735,113.306
paper,P4,bisection,10,312.558,311.608
paper,P4,trisection,10,14.469,13.862
paper,P5,static_tf,1,68.217,65.821
paper,P5,static_bf,1,40.822,40.301
paper,P5,newton,1,10.963,10.481
paper,P5,stagnation_aware,1,79.738,79.232
paper,P5,cost_aware,1,88.284,87.804
paper,P5,bisection,1,225.694,225.252
paper,P5,trisection,1,169.699,169.036
paper,P5,secant,1,10.871,10.444
paper,P5,adaptive_threshold,1,112.549,112.135
paper,P5,false_position,1,103.97,103.488
paper,P5,stagnation_aware,2,81.714,81.204
paper,P5,static_bf,2,43.418,42.975
paper,P5,false_position,2,101.438,100.983
paper,P5,adaptive_threshold,2,98.936,98.323
paper,P5,cost_aware,2,86.483,86.028
paper,P5,static_tf,2,58.793,58.403
paper,P5,bisection,2,218.362,217.696
paper,P5,trisection,2,162.918,162.349
paper,P5,newton,2,15.879,15.493
paper,P5,secant,2,8.972,8.629
paper,P5,trisection,3,159.836,159.27
paper,P5,newton,3,9.206,8.885
paper,P5,static_tf,3,57.85,57.348
paper,P5,bisection,3,212.716,211.811
paper,P5,secant,3,8.792,8.354
paper,P5,false_position,3,96.564,96.008
paper,P5,static_bf,3,37.443,36.993
paper,P5,cost_aware,3,87.847,87.202
paper,P5,adaptive_threshold,3,97.885,97.428
paper,P5,stagnation_aware,3,74.973,74.606
paper,P5,static_tf,4,60.325,59.84
paper,P5,false_position,4,112.91,112.322
paper,P5,secant,4,9.373,9.016
paper,P5,static_bf,4,41.481,41.129
paper,P5,adaptive_threshold,4,96.393,95.894
paper,P5,stagnation_aware,4,75.209,74.807
paper,P5,cost_aware,4,86.819,86.297
paper,P5,trisection,4,165.838,165.213
paper,P5,bisection,4,212.514,211.923
paper,P5,newton,4,10.028,9.588
paper,P5,secant,5,9.242,8.769
paper,P5,newton,5,7.663,7.165
paper,P5,static_bf,5,42.251,41.744
paper,P5,cost_aware,5,85.47,84.979
paper,P5,trisection,5,173.092,172.698
paper,P5,bisection,5,220.203,219.569
paper,P5,false_position,5,100.978,100.427
paper,P5,static_tf,5,57.09,56.589
paper,P5,stagnation_aware,5,72.853,72.448
paper,P5,adaptive_threshold,5,98.552,98.0
paper,P5,cost_aware,6,87.626,87.123
paper,P5,stagnation_aware,6,74.435,73.972
paper,P5,adaptive_threshold,6,95.834,95.316
paper,P5,false_position,6,107.229,106.732
paper,P5,static_bf,6,40.399,39.902
paper,P5,secant,6,9.595,9.198
paper,P5,static_tf,6,55.696,55.295
paper,P5,trisection,6,160.451,159.703
paper,P5,bisection,6,208.716,207.936
paper,P5,newton,6,9.595,9.193
paper,P5,adaptive_threshold,7,100.977,100.407
paper,P5,stagnation_aware,7,77.853,77.124
paper,P5,cost_aware,7,84.881,84.359
paper,P5,static_tf,7,56.961,56.466
paper,P5,trisection,7,156.728,155.987
paper,P5,secant,7,13.902,13.557
paper,P5,static_bf,7,40.199,39.859
paper,P5,newton,7,8.761,8.421
paper,P5,bisection,7,227.876,227.483
paper,P5,false_position,7,102.001,101.372
paper,P5,static_bf,8,39.358,38.91
paper,P5,secant,8,9.687,9.309
paper,P5,newton,8,8.566,8.205
paper,P5,adaptive_threshold,8,104.258,103.678
paper,P5,trisection,8,162.375,161.985
paper,P5,cost_aware,8,87.098,86.408
paper,P5,static_tf,8,58.668,58.178
paper,P5,false_position,8,101.435,100.864
paper,P5,stagnation_aware,8,82.649,82.098
paper,P5,bisection,8,214.892,214.323
paper,P5,cost_aware,9,88.793,88.336
paper,P5,adaptive_threshold,9,98.21,97.711
paper,P5,trisection,9,152.558,152.075
paper,P5,false_position,9,98.889,98.41
paper,P5,static_tf,9,56.201,55.838
paper,P5,stagnation_aware,9,77.718,77.334
paper,P5,secant,9,9.961,9.561
paper,P5,bisection,9,224.973,224.476
paper,P5,static_bf,9,37.299,36.832
paper,P5,newton,9,9.207,8.856
paper,P5,adaptive_threshold,10,98.211,97.831
paper,P5,static_bf,10,39.763,39.356
paper,P5,false_position,10,94.891,94.328
paper,P5,trisection,10,163.078,162.681
paper,P5,newton,10,9.604,9.223
paper,P5,bisection,10,208.485,208.136
paper,P5,secant,10,9.745,9.377
paper,P5,stagnation_aware,10,76.947,76.523
paper,P5,static_tf,10,56.169,55.714
paper,P5,cost_aware,10,87.344,86.85
paper,P6,adaptive_threshold,1,168.781,167.075
paper,P6,secant,1,13.52,13.056
paper,P6,stagnation_aware,1,92.633,92.109
paper,P6,static_tf,1,67.494,67.053
paper,P6,false_position,1,190.999,190.553
paper,P6,cost_aware,1,219.656,219.204
paper,P6,bisection,1,419.652,418.864
paper,P6,newton,1,6.947,6.586
paper,P6,trisection,1,161.077,160.592
paper,P6,static_bf,1,62.243,61.866
paper,P6,static_bf,2,66.437,65.961
paper,P6,static_tf,2,64.018,63.61
paper,P6,false_position,2,187.903,187.47
paper,P6,cost_aware,2,191.542,191.096
paper,P6,secant,2,13.363,12.996
paper,P6,bisection,2,227.916,227.5
paper,P6,trisection,2,164.665,164.201
paper,P6,stagnation_aware,2,90.897,90.482
paper,P6,newton,2,5.851,5.499
paper,P6,adaptive_threshold,2,292.057,291.474
paper,P6,adaptive_threshold,3,237.546,237.052
paper,P6,static_bf,3,66.101,65.67
paper,P6,secant,3,12.155,11.789
paper,P6,false_position,3,196.352,195.919
paper,P6,newton,3,5.176,4.768
paper,P6,trisection,3,164.139,163.735
paper,P6,bisection,3,344.916,344.303
paper,P6,static_tf,3,65.83,65.258
paper,P6,stagnation_aware,3,94.627,94.11
paper,P6,cost_aware,3,193.276,192.792
paper,P6,false_position,4,190.581,190.141
paper,P6,trisection,4,173.954,173.531
paper,P6,secant,4,12.583,12.175
paper,P6,newton,4,5.042,4.685
paper,P6,bisection,4,225.152,224.715
paper,P6,cost_aware,4,198.757,198.244
paper,P6,adaptive_threshold,4,165.473,164.874
paper,P6,static_bf,4,63.806,63.292
paper,P6,stagnation_aware,4,92.279,91.856
paper,P6,static_tf,4,64.807,64.387
paper,P6,secant,5,12.315,11.884
paper,P6,static_tf,5,64.368,63.977
paper,P6,stagnation_aware,5,92.508,92.097
paper,P6,newton,5,5.386,4.989
paper,P6,cost_aware,5,190.951,190.536
paper,P6,trisection,5,165.803,165.392
paper,P6,false_position,5,193.655,193.204
paper,P6,static_bf,5,61.744,61.326
paper,P6,bisection,5,218.217,217.712
paper,P6,adaptive_threshold,5,159.8,159.284
paper,P6,newton,6,5.603,5.124
paper,P6,bisection,6,217.3,216.794
paper,P6,adaptive_threshold,6,155.627,155.209
paper,P6,stagnation_aware,6,88.904,88.487
paper,P6,static_bf,6,63.618,63.236
paper,P6,static_tf,6,63.035,62.654
paper,P6,false_position,6,191.57,191.13
paper,P6,cost_aware,6,194.596,194.13
paper,P6,trisection,6,162.296,161.862
paper,P6,secant,6,11.779,11.342
paper,P6,trisection,7,163.351,162.906
paper,P6,stagnation_aware,7,92.243,91.798
paper,P6,adaptive_threshold,7,161.566,161.068
paper,P6,static_tf,7,72.764,72.229
paper,P6,secant,7,15.297,14.806
paper,P6,bisection,7,271.754,271.358
paper,P6,newton,7,5.304,4.923
paper,P6,cost_aware,7,197.039,196.655
paper,P6,static_bf,7,64.383,63.987
paper,P6,false_position,7,186.766,186.387
paper,P6,newton,8,5.271,4.897
paper,P6,trisection,8,163.682,163.289
paper,P6,false_position,8,189.842,189.452
paper,P6,stagnation_aware,8,88.776,88.333
paper,P6,cost_aware,8,192.536,192.128
paper,P6,adaptive_threshold,8,160.367,159.968
paper,P6,bisection,8,229.122,228.721
paper,P6,static_bf,8,63.014,62.615
paper,P6,static_tf,8,62.887,62.528
paper,P6,secant,8,11.568,11.177
paper,P6,secant,9,9.782,9.316
paper,P6,trisection,9,160.787,160.4
paper,P6,bisection,9,225.21,224.809
paper,P6,cost_aware,9,188.426,188.016
paper,P6,stagnation_aware,9,89.319,88.909
paper,P6,adaptive_threshold,9,154.711,154.305
paper,P6,false_position,9,188.668,188.229
paper,P6,static_tf,9,62.826,62.411
paper,P6,newton,9,5.095,4.714
paper,P6,static_bf,9,62.862,62.5
paper,P6,stagnation_aware,10,89.612,89.202
paper,P6,trisection,10,166.412,165.997
paper,P6,static_bf,10,61.723,61.308
paper,P6,cost_aware,10,187.792,187.391
paper,P6,adaptive_threshold,10,155.085,154.555
paper,P6,secant,10,11.665,11.301
paper,P6,newton,10,4.266,3.934
paper,P6,bisection,10,212.825,212.432
paper,P6,static_tf,10,64.836,64.277
paper,P6,false_position,10,184.788,184.423
paper,P7,false_position,1,148.974,147.095
paper,P7,static_tf,1,59.61,59.139
paper,P7,bisection,1,200.759,200.339
paper,P7,trisection,1,174.438,173.981
paper,P7,cost_aware,1,79.282,78.774
paper,P7,adaptive_threshold,1,126.348,125.971
paper,P7,secant,1,11.849,11.46
paper,P7,stagnation_aware,1,80.175,79.791
paper,P7,newton,1,16.081,15.691
paper,P7,static_bf,1,83.695,83.284
paper,P7,secant,2,11.649,11.231
paper,P7,static_bf,2,77.041,76.666
paper,P7,static_tf,2,58.363,57.96
paper,P7,bisection,2,210.102,209.698
paper,P7,trisection,2,179.788,179.336
paper,P7,adaptive_threshold,2,126.906,126.485
paper,P7,stagnation_aware,2,78.038,77.569
paper,P7,newton,2,15.463,15.042
paper,P7,cost_aware,2,80.064,79.59
paper,P7,false_position,2,145.447,145.024
paper,P7,trisection,3,182.5,182.061
paper,P7,stagnation_aware,3,79.012,78.605
paper,P7,secant,3,11.187,10.823
paper,P7,static_tf,3,60.025,59.644
paper,P7,bisection,3,204.363,203.974
paper,P7,adaptive_threshold,3,134.008,133.603
paper,P7,newton,3,15.103,14.78
paper,P7,static_bf,3,75.957,75.578
paper,P7,cost_aware,3,75.703,75.302
paper,P7,false_position,3,135.262,134.878
paper,P7,stagnation_aware,4,82.083,81.681
paper,P7,secant,4,11.32,10.966
paper,P7,false_position,4,143.117,142.72
paper,P7,static_bf,4,75.363,75.003
paper,P7,adaptive_threshold,4,123.684,123.301
paper,P7,newton,4,14.271,13.918
paper,P7,bisection,4,201.797,201.43
paper,P7,static_tf,4,57.433,57.097
paper,P7,trisection,4,168.753,168.373
paper,P7,cost_aware,4,75.851,75.44
paper,P7,bisection,5,212.645,212.225
paper,P7,stagnation_aware,5,77.755,77.342
paper,P7,cost_aware,5,75.53,75.105
paper,P7,static_tf,5,59.509,59.079
paper,P7,secant,5,10.999,10.609
paper,P7,newton,5,13.474,13.095
paper,P7,trisection,5,179.983,179.564
paper,P7,false_position,5,140.312,139.854
paper,P7,adaptive_threshold,5,123.66,123.243
paper,P7,static_bf,5,78.725,78.305
paper,P7,newton,6,14.58,14.145
paper,P7,stagnation_aware,6,83.936,83.508
paper,P7,adaptive_threshold,6,126.268,125.827
paper,P7,false_position,6,140.025,139.633
paper,P7,bisection,6,202.61,202.232
paper,P7,static_tf,6,57.437,57.005
paper,P7,secant,6,11.022,10.628
paper,P7,cost_aware,6,78.784,78.355
paper,P7,trisection,6,174.848,174.428
paper,P7,static_bf,6,76.677,76.245
paper,P7,bisection,7,208.489,208.046
paper,P7,stagnation_aware,7,77.217,76.809
paper,P7,secant,7,11.484,11.128
paper,P7,false_position,7,139.354,138.974
paper,P7,trisection,7,170.745,170.229
paper,P7,static_tf,7,56.41,55.993
paper,P7,cost_aware,7,74.42,73.997
paper,P7,newton,7,14.661,14.273
paper,P7,adaptive_threshold,7,124.706,124.08
paper,P7,static_bf,7,77.162,76.748
paper,P7,false_position,8,147.822,147.22
paper,P7,trisection,8,192.116,191.736
paper,P7,cost_aware,8,86.366,85.716
paper,P7,static_bf,8,81.42,80.983
paper,P7,secant,8,11.771,11.392
paper,P7,stagnation_aware,8,85.142,84.436
paper,P7,bisection,8,215.071,214.126
paper,P7,static_tf,8,63.019,62.534
paper,P7,adaptive_threshold,8,138.949,138.243
paper,P7,newton,8,15.881,15.403
paper,P7,static_tf,9,66.083,65.58
paper,P7,bisection,9,213.916,213.32
paper,P7,adaptive_threshold,9,131.815,131.367
paper,P7,static_bf,9,76.676,76.252
paper,P7,cost_aware,9,78.587,78.06
paper,P7,stagnation_aware,9,88.205,87.668
paper,P7,secant,9,11.753,11.369
paper,P7,false_position,9,143.755,143.341
paper,P7,trisection,9,176.557,176.182
paper,P7,newton,9,15.121,14.777
paper,P7,static_bf,10,85.516,85.122
paper,P7,stagnation_aware,10,82.477,81.961
paper,P7,bisection,10,211.219,210.746
paper,P7,secant,10,11.331,10.973
paper,P7,cost_aware,10,78.37,77.876
paper,P7,trisection,10,175.531,174.941
paper,P7,false_position,10,138.029,137.642
paper,P7,adaptive_threshold,10,126.608,126.207
paper,P7,static_tf,10,58.262,57.832
paper,P7,newton,10,14.731,14.38
paper,P8,bisection,1,209.464,207.323
paper,P8,secant,1,10.723,10.273
paper,P8,stagnation_aware,1,62.505,62.071
paper,P8,false_position,1,60.294,59.881
paper,P8,static_tf,1,56.067,55.694
paper,P8,cost_aware,1,62.488,62.095
paper,P8,static_bf,1,56.371,56.004
paper,P8,adaptive_threshold,1,63.762,63.346
paper,P8,trisection,1,163.787,163.357
paper,P8,newton,1,10.428,10.034
paper,P8,cost_aware,2,65.954,65.529
paper,P8,static_bf,2,56.931,56.536
paper,P8,false_position,2,56.785,56.388
paper,P8,stagnation_aware,2,57.897,57.483
paper,P8,bisection,2,201.479,201.095
paper,P8,trisection,2,155.084,154.673
paper,P8,secant,2,9.338,8.953
paper,P8,adaptive_threshold,2,65.113,64.714
paper,P8,static_tf,2,57.845,57.489
paper,P8,newton,2,9.899,9.551
paper,P8,adaptive_threshold,3,65.416,64.993
paper,P8,newton,3,9.0,8.641
paper,P8,bisection,3,205.173,204.785
paper,P8,cost_aware,3,64.177,63.762
paper,P8,secant,3,10.041,9.699
paper,P8,stagnation_aware,3,63.748,63.375
paper,P8,static_tf,3,58.369,57.954
paper,P8,false_position,3,58.551,58.162
paper,P8,trisection,3,162.473,162.024
paper,P8,static_bf,3,57.891,57.438
paper,P8,static_bf,4,57.674,57.227
paper,P8,adaptive_threshold,4,63.451,63.065
paper,P8,newton,4,10.12,9.759
paper,P8,cost_aware,4,65.015,64.632
paper,P8,static_tf,4,59.65,59.261
paper,P8,false_position,4,57.184,56.77
paper,P8,trisection,4,154.33,153.96
paper,P8,stagnation_aware,4,59.335,58.982
paper,P8,secant,4,9.529,9.169
paper,P8,bisection,4,200.116,199.707
paper,P8,cost_aware,5,66.132,65.746
paper,P8,secant,5,9.399,9.018
paper,P8,adaptive_threshold,5,65.303,64.881
paper,P8,trisection,5,158.788,158.377
paper,P8,static_tf,5,55.951,55.543
paper,P8,static_bf,5,58.607,58.194
paper,P8,false_position,5,56.025,55.601
paper,P8,stagnation_aware,5,59.01,58.596
paper,P8,bisection,5,202.058,201.593
paper,P8,newton,5,9.397,8.979
paper,P8,bisection,6,200.295,199.85
paper,P8,secant,6,8.87,8.5
paper,P8,adaptive_threshold,6,65.757,65.311
paper,P8,stagnation_aware,6,58.9,58.431
paper,P8,trisection,6,160.126,159.69
paper,P8,newton,6,9.665,9.288
paper,P8,static_tf,6,57.945,57.577
paper,P8,static_bf,6,57.044,56.675
paper,P8,cost_aware,6,64.02,63.611
paper,P8,false_position,6,60.772,60.358
paper,P8,bisection,7,198.562,198.168
paper,P8,false_position,7,59.087,58.648
paper,P8,static_bf,7,54.24,53.868
paper,P8,cost_aware,7,64.208,63.762
paper,P8,secant,7,9.614,9.236
paper,P8,newton,7,8.383,8.004
paper,P8,stagnation_aware,7,63.725,63.333
paper,P8,static_tf,7,58.369,57.951
paper,P8,adaptive_threshold,7,63.807,63.4
paper,P8,trisection,7,161.95,161.496
paper,P8,secant,8,9.409,9.004
paper,P8,trisection,8,159.801,159.395
paper,P8,false_position,8,58.266,57.791
paper,P8,bisection,8,198.519,198.158
paper,P8,static_tf,8,55.484,55.092
paper,P8,newton,8,9.171,8.783
paper,P8,cost_aware,8,67.402,67.02
paper,P8,adaptive_threshold,8,64.029,63.596
paper,P8,stagnation_aware,8,59.965,59.566
paper,P8,static_bf,8,56.109,55.736
paper,P8,static_bf,9,55.381,54.957
paper,P8,bisection,9,191.074,190.712
paper,P8,static_tf,9,56.074,55.662
paper,P8,cost_aware,9,63.465,63.001
paper,P8,secant,9,9.267,8.905
paper,P8,adaptive_threshold,9,64.209,63.804
paper,P8,newton,9,9.25,8.885
paper,P8,false_position,9,58.914,58.541
paper,P8,trisection,9,159.534,159.112
paper,P8,stagnation_aware,9,63.892,63.429
paper,P8,adaptive_threshold,10,62.775,62.364
paper,P8,trisection,10,161.32,160.915
paper,P8,newton,10,9.542,9.171
paper,P8,static_tf,10,58.206,57.794
paper,P8,false_position,10,58.02,57.647
paper,P8,secant,10,8.888,8.509
paper,P8,bisection,10,199.289,198.783
paper,P8,cost_aware,10,63.237,62.769
paper,P8,static_bf,10,60.177,59.806
paper,P8,stagnation_aware,10,61.498,61.095
paper,P9,trisection,1,154.072,152.164
paper,P9,adaptive_threshold,1,41.313,40.857
paper,P9,cost_aware,1,48.995,48.593
paper,P9,static_bf,1,49.1,48.711
paper,P9,stagnation_aware,1,39.496,39.089
paper,P9,newton,1,5.713,5.367
paper,P9,bisection,1,208.128,207.728
paper,P9,static_tf,1,43.355,42.956
paper,P9,secant,1,9.849,9.47
paper,P9,false_position,1,35.507,35.09
paper,P9,false_position,2,34.202,33.755
paper,P9,newton,2,5.014,4.608
paper,P9,adaptive_threshold,2,39.307,38.871
paper,P9,trisection,2,154.043,153.632
paper,P9,static_bf,2,47.395,46.938
paper,P9,stagnation_aware,2,40.215,39.782
paper,P9,bisection,2,206.262,205.822
paper,P9,cost_aware,2,50.247,49.853
paper,P9,static_tf,2,43.88,43.469
paper,P9,secant,2,9.21,8.83
paper,P9,newton,3,5.201,4.798
paper,P9,stagnation_aware,3,45.07,44.662
paper,P9,static_bf,3,45.7,45.267
paper,P9,false_position,3,35.939,35.523
paper,P9,static_tf,3,41.96,41.522
paper,P9,cost_aware,3,49.279,48.872
paper,P9,trisection,3,149.558,149.125
paper,P9,secant,3,8.951,8.565
paper,P9,adaptive_threshold,3,40.786,40.35
paper,P9,bisection,3,208.732,208.355
paper,P9,static_tf,4,44.059,43.607
paper,P9,stagnation_aware,4,41.91,41.486
paper,P9,trisection,4,149.14,148.72
paper,P9,secant,4,8.654,8.283
paper,P9,bisection,4,209.006,208.603
paper,P9,adaptive_threshold,4,38.144,37.772
paper,P9,static_bf,4,43.013,42.623
paper,P9,cost_aware,4,47.867,47.485
paper,P9,false_position,4,35.331,34.994
paper,P9,newton,4,5.081,4.751
paper,P9,bisection,5,203.542,203.093
paper,P9,stagnation_aware,5,43.23,42.825
paper,P9,cost_aware,5,48.014,47.581
paper,P9,newton,5,5.533,5.143
paper,P9,false_position,5,36.203,35.821
paper,P9,secant,5,10.057,9.651
paper,P9,static_tf,5,44.473,44.091
paper,P9,trisection,5,153.263,152.84
paper,P9,adaptive_threshold,5,39.714,39.274
paper,P9,static_bf,5,44.843,44.47
paper,P9,cost_aware,6,51.211,50.75
paper,P9,adaptive_threshold,6,38.793,38.377
paper,P9,bisection,6,200.402,200.065
paper,P9,newton,6,5.395,5.02
paper,P9,static_tf,6,41.265,40.885
paper,P9,secant,6,8.746,8.387
paper,P9,static_bf,6,44.937,44.555
paper,P9,false_position,6,34.156,33.771
paper,P9,trisection,6,149.019,148.6
paper,P9,stagnation_aware,6,41.046,40.587
paper,P9,adaptive_threshold,7,41.845,41.445
paper,P9,false_position,7,35.192,34.758
paper,P9,newton,7,5.134,4.773
paper,P9,trisection,7,154.94,154.542
paper,P9,static_tf,7,42.911,42.541
paper,P9,stagnation_aware,7,41.267,40.858
paper,P9,static_bf,7,44.659,44.245
paper,P9,cost_aware,7,51.41,50.981
paper,P9,secant,7,8.794,8.421
paper,P9,bisection,7,204.432,204.006
paper,P9,false_position,8,34.734,34.301
paper,P9,cost_aware,8,50.272,49.814
paper,P9,trisection,8,149.773,149.339
paper,P9,stagnation_aware,8,42.082,41.641
paper,P9,newton,8,4.971,4.572
paper,P9,secant,8,8.293,7.903
paper,P9,static_bf,8,46.526,46.142
paper,P9,static_tf,8,42.319,41.933
paper,P9,bisection,8,212.866,212.434
paper,P9,adaptive_threshold,8,39.633,39.219
paper,P9,static_bf,9,47.128,46.706
paper,P9,bisection,9,199.214,198.816
paper,P9,static_tf,9,41.457,41.043
paper,P9,cost_aware,9,49.54,49.117
paper,P9,adaptive_threshold,9,37.663,37.228
paper,P9,newton,9,5.096,4.688
paper,P9,secant,9,8.261,7.902
paper,P9,stagnation_aware,9,43.748,43.404
paper,P9,false_position,9,34.61,34.159
paper,P9,trisection,9,150.969,150.528
paper,P9,static_tf,10,43.497,43.057
paper,P9,false_position,10,35.681,35.254
paper,P9,cost_aware,10,50.464,50.05
paper,P9,newton,10,5.424,5.046
paper,P9,secant,10,8.491,8.13
paper,P9,stagnation_aware,10,45.814,45.457
paper,P9,static_bf,10,44.246,43.822
paper,P9,adaptive_threshold,10,39.119,38.711
paper,P9,bisection,10,205.346,204.957
paper,P9,trisection,10,155.793,155.378
paper,P10,adaptive_threshold,1,71.914,69.181
paper,P10,cost_aware,1,205.866,205.347
paper,P10,false_position,1,68.466,68.056
paper,P10,bisection,1,200.354,199.907
paper,P10,static_bf,1,68.32,67.922
paper,P10,secant,1,11.855,11.494
paper,P10,static_tf,1,66.691,66.283
paper,P10,stagnation_aware,1,69.916,69.488
paper,P10,trisection,1,152.936,152.609
paper,P10,newton,1,17.29,16.917
paper,P10,secant,2,9.99,9.625
paper,P10,cost_aware,2,202.191,201.772
paper,P10,trisection,2,155.094,154.666
paper,P10,static_bf,2,68.756,68.325
paper,P10,newton,2,17.265,16.889
paper,P10,static_tf,2,65.232,64.813
paper,P10,adaptive_threshold,2,63.857,63.436
paper,P10,bisection,2,208.955,208.568
paper,P10,false_position,2,60.163,59.758
paper,P10,stagnation_aware,2,66.793,66.381
paper,P10,cost_aware,3,193.62,193.194
paper,P10,bisection,3,207.445,207.032
paper,P10,adaptive_threshold,3,63.812,63.399
paper,P10,static_tf,3,64.358,63.969
paper,P10,false_position,3,61.406,61.054
paper,P10,stagnation_aware,3,65.359,64.986
paper,P10,trisection,3,160.076,159.648
paper,P10,static_bf,3,69.267,68.872
paper,P10,secant,3,10.217,9.882
paper,P10,newton,3,14.208,13.866
paper,P10,static_bf,4,69.369,68.941
paper,P10,adaptive_threshold,4,64.5,64.177
paper,P10,false_position,4,61.064,60.655
paper,P10,cost_aware,4,197.971,197.586
paper,P10,secant,4,11.282,10.885
paper,P10,trisection,4,183.132,182.566
paper,P10,newton,4,20.358,19.932
paper,P10,static_tf,4,96.357,95.436
paper,P10,stagnation_aware,4,90.926,90.449
paper,P10,bisection,4,210.466,209.966
paper,P10,bisection,5,207.95,207.554
paper,P10,static_bf,5,66.455,66.112
paper,P10,static_tf,5,66.692,66.302
paper,P10,newton,5,15.968,15.591
paper,P10,false_position,5,64.163,63.783
paper,P10,cost_aware,5,199.406,198.947
paper,P10,secant,5,11.108,10.684
paper,P10,trisection,5,157.386,156.949
paper,P10,adaptive_threshold,5,64.012,63.616
paper,P10,stagnation_aware,5,71.185,70.754
paper,P10,newton,6,15.337,14.924
paper,P10,static_bf,6,74.805,74.404
paper,P10,secant,6,10.3,9.92
paper,P10,false_position,6,69.768,69.332
paper,P10,static_tf,6,65.464,65.035
paper,P10,stagnation_aware,6,70.334,69.964
paper,P10,cost_aware,6,203.611,203.173
paper,P10,trisection,6,154.85,154.408
paper,P10,bisection,6,207.282,206.868
paper,P10,adaptive_threshold,6,64.566,64.102
paper,P10,newton,7,16.617,16.208
paper,P10,static_bf,7,71.671,71.304
paper,P10,static_tf,7,62.708,62.294
paper,P10,bisection,7,208.023,207.578
paper,P10,trisection,7,154.714,154.296
paper,P10,adaptive_threshold,7,67.195,66.729
paper,P10,false_position,7,62.31,61.918
paper,P10,secant,7,10.637,10.244
paper,P10,cost_aware,7,204.853,204.436
paper,P10,stagnation_aware,7,69.548,69.162
paper,P10,newton,8,16.377,15.971
paper,P10,adaptive_threshold,8,65.117,64.723
paper,P10,false_position,8,62.423,62.051
paper,P10,cost_aware,8,201.759,201.238
paper,P10,trisection,8,162.604,162.219
paper,P10,secant,8,10.67,10.309
paper,P10,static_bf,8,72.581,72.196
paper,P10,static_tf,8,66.65,66.262
paper,P10,bisection,8,212.479,212.082
paper,P10,stagnation_aware,8,70.392,69.976
paper,P10,cost_aware,9,200.028,199.491
paper,P10,stagnation_aware,9,74.329,73.936
paper,P10,bisection,9,206.488,206.112
paper,P10,secant,9,10.66,10.318
paper,P10,newton,9,13.957,13.61
paper,P10,trisection,9,160.324,159.942
paper,P10,static_tf,9,62.803,62.412
paper,P10,static_bf,9,66.76,66.361
paper,P10,adaptive_threshold,9,63.467,63.08
paper,P10,false_position,9,63.03,62.649
paper,P10,stagnation_aware,10,68.732,68.304
paper,P10,static_tf,10,65.78,65.401
paper,P10,bisection,10,199.647,199.274
paper,P10,false_position,10,61.679,61.286
paper,P10,cost_aware,10,193.417,192.969
paper,P10,newton,10,15.281,14.905
paper,P10,secant,10,9.409,9.039
paper,P10,trisection,10,162.844,162.432
paper,P10,static_bf,10,69.328,68.871
paper,P10,adaptive_threshold,10,65.589,65.167
paper,P11,false_position,1,634.353,631.411
paper,P11,newton,1,6.893,6.421
paper,P11,secant,1,9.575,9.212
paper,P11,bisection,1,226.854,226.394
paper,P11,adaptive_threshold,1,431.317,430.895
paper,P11,static_tf,1,73.555,73.112
paper,P11,static_bf,1,80.847,80.433
paper,P11,stagnation_aware,1,103.7,103.245
paper,P11,trisection,1,173.291,172.874
paper,P11,cost_aware,1,148.83,148.373
paper,P11,static_tf,2,73.149,72.679
paper,P11,secant,2,9.295,8.915
paper,P11,bisection,2,215.661,215.304
paper,P11,adaptive_threshold,2,418.087,417.602
paper,P11,newton,2,6.199,5.824
paper,P11,static_bf,2,80.207,79.822
paper,P11,cost_aware,2,142.17,141.762
paper,P11,trisection,2,164.09,163.69
paper,P11,false_position,2,624.825,624.453
paper,P11,stagnation_aware,2,103.338,102.94
paper,P11,false_position,3,627.789,627.342
paper,P11,cost_aware,3,146.163,145.745
paper,P11,stagnation_aware,3,101.878,101.462
paper,P11,trisection,3,172.852,172.451
paper,P11,newton,3,5.506,5.166
paper,P11,static_bf,3,78.971,78.615
paper,P11,secant,3,9.38,9.054
paper,P11,adaptive_threshold,3,407.137,406.789
paper,P11,static_tf,3,69.565,69.163
paper,P11,bisection,3,231.153,230.762
paper,P11,newton,4,5.551,5.166
paper,P11,bisection,4,209.633,209.294
paper,P11,cost_aware,4,145.648,145.263
paper,P11,false_position,4,611.858,611.232
paper,P11,secant,4,11.331,10.972
paper,P11,static_bf,4,80.148,79.763
paper,P11,static_tf,4,69.043,68.654
paper,P11,adaptive_threshold,4,414.184,413.759
paper,P11,stagnation_aware,4,98.819,98.385
paper,P11,trisection,4,167.286,166.836
paper,P11,stagnation_aware,5,100.605,100.166
paper,P11,bisection,5,218.934,218.515
paper,P11,static_tf,5,72.437,72.019
paper,P11,newton,5,5.642,5.229
paper,P11,cost_aware,5,155.849,155.419
paper,P11,static_bf,5,80.501,80.101
paper,P11,trisection,5,161.805,160.974
paper,P11,false_position,5,665.357,664.557
paper,P11,secant,5,10.814,10.397
paper,P11,adaptive_threshold,5,441.342,440.817
paper,P11,adaptive_threshold,6,449.39,448.472
paper,P11,false_position,6,687.943,687.057
paper,P11,newton,6,7.242,6.821
paper,P11,static_bf,6,92.004,91.511
paper,P11,bisection,6,234.951,234.195
paper,P11,secant,6,10.764,10.335
paper,P11,stagnation_aware,6,110.254,109.63
paper,P11,static_tf,6,77.71,76.875
paper,P11,cost_aware,6,165.425,164.719
paper,P11,trisection,6,286.395,284.964
paper,P11,static_tf,7,76.187,75.808
paper,P11,bisection,7,224.96,224.559
paper,P11,static_bf,7,79.304,78.926
paper,P11,adaptive_threshold,7,424.417,424.061
paper,P11,false_position,7,626.023,625.453
paper,P11,stagnation_aware,7,106.056,105.659
paper,P11,cost_aware,7,148.267,147.837
paper,P11,secant,7,9.189,8.826
paper,P11,newton,7,5.252,4.898
paper,P11,trisection,7,165.592,165.236
paper,P11,false_position,8,611.844,611.336
paper,P11,cost_aware,8,146.231,145.731
paper,P11,trisection,8,165.868,165.437
paper,P11,adaptive_threshold,8,404.964,404.506
paper,P11,newton,8,5.085,4.741
paper,P11,bisection,8,213.869,213.502
paper,P11,static_tf,8,70.463,70.085
paper,P11,static_bf,8,78.174,77.761
paper,P11,stagnation_aware,8,100.907,100.529
paper,P11,secant,8,8.477,8.138
paper,P11,static_bf,9,78.53,78.137
paper,P11,false_position,9,614.745,614.271
paper,P11,cost_aware,9,146.857,146.454
paper,P11,trisection,9,164.656,164.238
paper,P11,secant,9,8.472,8.159
paper,P11,adaptive_threshold,9,422.715,422.323
paper,P11,stagnation_aware,9,98.987,98.607
paper,P11,newton,9,5.178,4.835
paper,P11,static_tf,9,72.517,72.096
paper,P11,bisection,9,220.552,220.195
paper,P11,static_bf,10,79.31,78.887
paper,P11,trisection,10,168.37,168.002
paper,P11,cost_aware,10,145.869,145.443
paper,P11,adaptive_threshold,10,406.362,405.738
paper,P11,secant,10,9.02,8.637
paper,P11,static_tf,10,72.619,72.219
paper,P11,false_position,10,625.38,624.745
paper,P11,newton,10,5.134,4.746
paper,P11,stagnation_aware,10,105.441,105.073
paper,P11,bisection,10,226.593,226.147
paper,P12,bisection,1,227.265,224.674
paper,P12,adaptive_threshold,1,77.458,76.868
paper,P12,trisection,1,142.856,142.445
paper,P12,false_position,1,75.256,74.885
paper,P12,secant,1,9.804,9.441
paper,P12,stagnation_aware,1,73.755,73.38
paper,P12,static_bf,1,58.797,58.453
paper,P12,newton,1,11.231,10.897
paper,P12,static_tf,1,52.718,52.365
paper,P12,cost_aware,1,72.176,71.795
paper,P12,false_position,2,79.137,78.736
paper,P12,static_tf,2,51.797,51.428
paper,P12,trisection,2,140.966,140.493
paper,P12,secant,2,10.055,9.67
paper,P12,static_bf,2,65.632,65.177
paper,P12,bisection,2,217.017,216.481
paper,P12,stagnation_aware,2,71.617,71.199
paper,P12,newton,2,10.572,10.206
paper,P12,cost_aware,2,73.081,72.7
paper,P12,adaptive_threshold,2,74.044,73.626
paper,P12,adaptive_threshold,3,72.027,71.594
paper,P12,newton,3,10.034,9.617
paper,P12,stagnation_aware,3,72.661,72.269
paper,P12,false_position,3,80.999,80.604
paper,P12,trisection,3,148.884,148.477
paper,P12,static_bf,3,55.424,55.003
paper,P12,cost_aware,3,67.856,67.437
paper,P12,static_tf,3,50.541,50.137
paper,P12,secant,3,10.053,9.635
paper,P12,bisection,3,214.293,213.842
paper,P12,adaptive_threshold,4,75.936,75.511
paper,P12,secant,4,9.381,8.999
paper,P12,static_tf,4,50.821,50.444
paper,P12,static_bf,4,54.954,54.578
paper,P12,newton,4,9.963,9.584
paper,P12,bisection,4,218.372,218.02
paper,P12,stagnation_aware,4,74.89,74.504
paper,P12,false_position,4,74.634,74.208
paper,P12,trisection,4,140.985,140.611
paper,P12,cost_aware,4,68.05,67.687
paper,P12,newton,5,10.747,10.365
paper,P12,stagnation_aware,5,79.251,78.876
paper,P12,false_position,5,79.684,79.293
paper,P12,adaptive_threshold,5,74.077,73.658
paper,P12,bisection,5,223.014,222.606
paper,P12,cost_aware,5,65.572,65.115
paper,P12,secant,5,9.906,9.53
paper,P12,trisection,5,143.082,142.692
paper,P12,static_bf,5,61.069,60.66
paper,P12,static_tf,5,47.264,46.864
paper,P12,cost_aware,6,68.649,68.229
paper,P12,static_tf,6,51.961,51.489
paper,P12,static_bf,6,56.762,56.398
paper,P12,bisection,6,211.655,211.246
paper,P12,stagnation_aware,6,68.496,68.059
paper,P12,adaptive_threshold,6,72.353,71.896
paper,P12,false_position,6,71.41,71.042
paper,P12,trisection,6,141.948,141.562
paper,P12,newton,6,10.009,9.642
paper,P12,secant,6,8.084,7.722
paper,P12,false_position,7,80.479,80.077
paper,P12,cost_aware,7,71.811,71.388
paper,P12,stagnation_aware,7,71.783,71.361
paper,P12,static_tf,7,49.445,49.008
paper,P12,adaptive_threshold,7,73.097,72.696
paper,P12,trisection,7,143.728,143.312
paper,P12,newton,7,9.505,9.146
paper,P12,secant,7,8.08,7.742
paper,P12,static_bf,7,57.901,57.527
paper,P12,bisection,7,208.542,208.071
paper,P12,bisection,8,211.804,211.253
paper,P12,static_tf,8,49.823,49.41
paper,P12,adaptive_threshold,8,72.303,71.911
paper,P12,false_position,8,75.229,74.862
paper,P12,secant,8,9.636,9.309
paper,P12,newton,8,8.185,7.873
paper,P12,trisection,8,143.571,143.165
paper,P12,cost_aware,8,71.629,71.17
paper,P12,static_bf,8,58.029,57.603
paper,P12,stagnation_aware,8,72.463,72.029
paper,P12,stagnation_aware,9,68.832,68.405
paper,P12,newton,9,10.172,9.78
paper,P12,bisection,9,225.96,225.555
paper,P12,static_tf,9,50.773,50.387
paper,P12,secant,9,9.782,9.381
paper,P12,adaptive_threshold,9,77.154,76.746
paper,P12,static_bf,9,58.47,58.078
paper,P12,false_position,9,78.969,78.546
paper,P12,trisection,9,142.959,142.565
paper,P12,cost_aware,9,71.734,71.304
paper,P12,static_bf,10,59.997,59.607
paper,P12,adaptive_threshold,10,71.514,71.115
paper,P12,trisection,10,143.542,143.083
paper,P12,bisection,10,213.342,212.968
paper,P12,static_tf,10,51.525,51.115
paper,P12,stagnation_aware,10,70.084,69.626
paper,P12,secant,10,9.772,9.416
paper,P12,false_position,10,75.632,75.245
paper,P12,newton,10,10.234,9.873
paper,P12,cost_aware,10,70.074,69.634
paper,P13,bisection,1,233.706,231.4
paper,P13,stagnation_aware,1,90.447,89.983
paper,P13,cost_aware,1,125.611,125.086
paper,P13,trisection,1,174.847,174.358
paper,P13,false_position,1,230.816,230.278
paper,P13,newton,1,12.17,11.803
paper,P13,static_bf,1,66.273,65.887
paper,P13,static_tf,1,57.088,56.698
paper,P13,adaptive_threshold,1,180.736,180.31
paper,P13,secant,1,12.067,11.676
paper,P13,stagnation_aware,2,96.543,96.089
paper,P13,static_tf,2,58.124,57.739
paper,P13,adaptive_threshold,2,168.805,168.354
paper,P13,newton,2,11.359,10.994
paper,P13,secant,2,10.07,9.738
paper,P13,trisection,2,174.604,174.206
paper,P13,static_bf,2,61.413,61.023
paper,P13,false_position,2,204.998,204.574
paper,P13,bisection,2,215.702,215.337
paper,P13,cost_aware,2,122.871,122.427
paper,P13,static_tf,3,57.881,57.453
paper,P13,bisection,3,214.592,214.21
paper,P13,cost_aware,3,123.232,122.786
paper,P13,newton,3,10.962,10.581
paper,P13,adaptive_threshold,3,177.533,177.085
paper,P13,trisection,3,180.212,179.83
paper,P13,false_position,3,214.466,214.037
paper,P13,static_bf,3,60.669,60.303
paper,P13,secant,3,10.676,10.348
paper,P13,stagnation_aware,3,98.326,97.931
paper,P13,secant,4,10.988,10.581
paper,P13,cost_aware,4,129.348,128.967
paper,P13,stagnation_aware,4,94.404,94.038
paper,P13,false_position,4,209.533,209.117
paper,P13,bisection,4,217.282,216.886
paper,P13,static_bf,4,61.621,61.178
paper,P13,trisection,4,169.28,168.898
paper,P13,newton,4,11.296,10.94
paper,P13,adaptive_threshold,4,176.771,176.402
paper,P13,static_tf,4,56.809,56.424
paper,P13,stagnation_aware,5,95.255,94.831
paper,P13,secant,5,10.664,10.281
paper,P13,newton,5,9.126,8.699
paper,P13,trisection,5,168.912,168.532
paper,P13,bisection,5,221.709,221.276
paper,P13,cost_aware,5,128.761,128.309
paper,P13,static_tf,5,60.247,59.841
paper,P13,adaptive_threshold,5,172.042,171.665
paper,P13,static_bf,5,63.919,63.507
paper,P13,false_position,5,206.514,206.064
paper,P13,bisection,6,207.704,207.183
paper,P13,trisection,6,174.643,174.22
paper,P13,false_position,6,209.933,209.452
paper,P13,adaptive_threshold,6,169.269,168.818
paper,P13,newton,6,11.068,10.711
paper,P13,stagnation_aware,6,93.764,93.367
paper,P13,secant,6,10.506,10.146
paper,P13,static_tf,6,59.655,59.337
paper,P13,static_bf,6,59.761,59.372
paper,P13,cost_aware,6,120.949,120.55
paper,P13,cost_aware,7,119.746,119.342
paper,P13,newton,7,10.384,10.02
paper,P13,bisection,7,226.945,226.538
paper,P13,static_bf,7,61.834,61.437
paper,P13,false_position,7,203.973,203.591
paper,P13,static_tf,7,54.87,54.471
paper,P13,adaptive_threshold,7,166.023,165.642
paper,P13,secant,7,10.891,10.537
paper,P13,trisection,7,168.764,168.312
paper,P13,stagnation_aware,7,90.792,90.407
paper,P13,stagnation_aware,8,97.598,97.167
paper,P13,cost_aware,8,124.944,124.525
paper,P13,newton,8,10.858,10.459
paper,P13,bisection,8,216.091,215.721
paper,P13,trisection,8,166.382,165.985
paper,P13,static_tf,8,56.987,56.594
paper,P13,adaptive_threshold,8,189.834,189.271
paper,P13,false_position,8,213.97,213.586
paper,P13,secant,8,10.646,10.284
paper,P13,static_bf,8,63.258,62.817
paper,P13,trisection,9,170.611,170.114
paper,P13,secant,9,10.536,10.13
paper,P13,false_position,9,216.921,216.505
paper,P13,cost_aware,9,130.403,129.958
paper,P13,adaptive_threshold,9,178.488,178.066
paper,P13,stagnation_aware,9,93.347,92.947
paper,P13,static_bf,9,61.606,61.209
paper,P13,bisection,9,217.106,216.665
paper,P13,newton,9,10.661,10.331
paper,P13,static_tf,9,57.98,57.54
paper,P13,static_bf,10,65.209,64.722
paper,P13,static_tf,10,55.262,54.893
paper,P13,newton,10,9.841,9.521
paper,P13,trisection,10,174.846,174.468
paper,P13,bisection,10,219.255,218.831
paper,P13,secant,10,10.799,10.407
paper,P13,stagnation_aware,10,95.562,95.142
paper,P13,cost_aware,10,128.018,127.528
paper,P13,false_position,10,210.888,210.389
paper,P13,adaptive_threshold,10,179.982,179.492
paper,P14,false_position,1,218.285,215.467
paper,P14,static_bf,1,67.46,66.985
paper,P14,secant,1,11.289,10.951
paper,P14,adaptive_threshold,1,173.181,172.77
paper,P14,static_tf,1,58.869,58.453
paper,P14,trisection,1,174.912,174.457
paper,P14,bisection,1,204.348,203.964
paper,P14,newton,1,12.681,12.329
paper,P14,stagnation_aware,1,91.392,91.006
paper,P14,cost_aware,1,124.38,123.985
paper,P14,secant,2,11.074,10.674
paper,P14,cost_aware,2,127.256,126.894
paper,P14,bisection,2,209.908,209.467
paper,P14,trisection,2,170.431,170.016
paper,P14,static_bf,2,61.819,61.37
paper,P14,stagnation_aware,2,91.751,91.324
paper,P14,false_position,2,213.333,212.923
paper,P14,adaptive_threshold,2,164.776,164.297
paper,P14,newton,2,9.659,9.229
paper,P14,static_tf,2,60.484,60.097
paper,P14,static_tf,3,59.58,59.142
paper,P14,adaptive_threshold,3,170.841,170.368
paper,P14,stagnation_aware,3,89.503,89.087
paper,P14,trisection,3,165.653,165.219
paper,P14,false_position,3,211.89,211.488
paper,P14,bisection,3,211.573,211.181
paper,P14,secant,3,9.845,9.477
paper,P14,cost_aware,3,124.737,124.357
paper,P14,static_bf,3,63.615,63.234
paper,P14,newton,3,9.212,8.824
paper,P14,false_position,4,207.07,206.637
paper,P14,cost_aware,4,122.612,122.202
paper,P14,adaptive_threshold,4,172.017,171.622
paper,P14,bisection,4,211.577,211.192
paper,P14,stagnation_aware,4,89.411,89.054
paper,P14,secant,4,9.928,9.604
paper,P14,static_bf,4,63.947,63.557
paper,P14,newton,4,8.366,8.046
paper,P14,static_tf,4,58.185,57.816
paper,P14,trisection,4,166.477,166.076
paper,P14,adaptive_threshold,5,175.141,174.653
paper,P14,trisection,5,166.298,165.863
paper,P14,static_tf,5,59.667,59.27
paper,P14,cost_aware,5,126.615,126.186
paper,P14,secant,5,10.22,9.772
paper,P14,false_position,5,216.234,215.841
paper,P14,stagnation_aware,5,95.512,95.105
paper,P14,newton,5,9.084,8.693
paper,P14,static_bf,5,63.6,63.198
paper,P14,bisection,5,200.627,200.267
paper,P14,static_bf,6,61.356,60.968
paper,P14,newton,6,8.422,8.07
paper,P14,adaptive_threshold,6,174.541,174.15
paper,P14,secant,6,11.504,11.126
paper,P14,bisection,6,206.94,206.594
paper,P14,static_tf,6,56.22,55.887
paper,P14,trisection,6,170.704,170.324
paper,P14,cost_aware,6,129.609,129.222
paper,P14,false_position,6,211.207,210.823
paper,P14,stagnation_aware,6,91.166,90.756
paper,P14,static_bf,7,64.22,63.764
paper,P14,secant,7,10.29,9.934
paper,P14,cost_aware,7,125.441,125.081
paper,P14,false_position,7,212.348,211.985
paper,P14,stagnation_aware,7,95.276,94.881
paper,P14,trisection,7,166.907,166.49
paper,P14,adaptive_threshold,7,174.897,174.448
paper,P14,static_tf,7,58.437,58.067
paper,P14,newton,7,8.925,8.564
paper,P14,bisection,7,214.822,214.452
paper,P14,trisection,8,168.52,168.06
paper,P14,cost_aware,8,124.542,124.119
paper,P14,adaptive_threshold,8,169.174,168.698
paper,P14,static_tf,8,57.569,57.172
paper,P14,bisection,8,210.449,210.076
paper,P14,secant,8,10.061,9.704
paper,P14,newton,8,7.557,7.126
paper,P14,false_position,8,211.071,210.742
paper,P14,stagnation_aware,8,92.034,91.631
paper,P14,static_bf,8,60.403,60.006
paper,P14,stagnation_aware,9,94.26,93.854
paper,P14,newton,9,8.617,8.234
paper,P14,static_tf,9,55.63,55.232
paper,P14,trisection,9,166.256,165.876
paper,P14,secant,9,9.818,9.437
paper,P14,bisection,9,212.406,212.027
paper,P14,adaptive_threshold,9,175.139,174.574
paper,P14,cost_aware,9,130.664,130.187
paper,P14,static_bf,9,63.659,63.261
paper,P14,false_position,9,212.56,212.21
paper,P14,cost_aware,10,125.0,124.513
paper,P14,trisection,10,167.945,167.503
paper,P14,newton,10,8.707,8.336
paper,P14,false_position,10,209.504,209.041
paper,P14,secant,10,10.293,9.923
paper,P14,adaptive_threshold,10,171.211,170.739
paper,P14,static_tf,10,59.159,58.688
paper,P14,static_bf,10,65.516,65.145
paper,P14,stagnation_aware,10,94.046,93.671
paper,P14,bisection,10,210.098,209.665
paper,P15,newton,1,19.099,16.289
paper,P15,trisection,1,174.125,173.629
paper,P15,secant,1,11.969,11.544
paper,P15,stagnation_aware,1,75.179,74.797
paper,P15,bisection,1,206.629,206.188
paper,P15,false_position,1,78.423,77.841
paper,P15,adaptive_threshold,1,80.045,79.681
paper,P15,cost_aware,1,67.69,67.246
paper,P15,static_tf,1,44.869,44.496
paper,P15,static_bf,1,49.421,49.033
paper,P15,bisection,2,200.476,200.031
paper,P15,adaptive_threshold,2,80.449,80.028
paper,P15,secant,2,10.308,9.982
paper,P15,cost_aware,2,70.324,69.939
paper,P15,static_bf,2,50.665,50.255
paper,P15,trisection,2,155.019,154.505
paper,P15,false_position,2,90.309,89.827
paper,P15,static_tf,2,47.131,46.631
paper,P15,stagnation_aware,2,69.583,69.18
paper,P15,newton,2,11.883,11.545
paper,P15,cost_aware,3,74.83,74.436
paper,P15,trisection,3,157.423,157.044
paper,P15,newton,3,11.268,10.884
paper,P15,false_position,3,86.261,85.83
paper,P15,static_bf,3,50.581,50.165
paper,P15,stagnation_aware,3,70.26,69.83
paper,P15,static_tf,3,45.337,44.938
paper,P15,bisection,3,199.243,198.872
paper,P15,secant,3,10.022,9.613
paper,P15,adaptive_threshold,3,84.089,83.66
paper,P15,stagnation_aware,4,69.516,69.096
paper,P15,bisection,4,222.877,222.449
paper,P15,secant,4,9.746,9.405
paper,P15,adaptive_threshold,4,85.07,84.682
paper,P15,static_tf,4,44.013,43.61
paper,P15,trisection,4,160.182,159.812
paper,P15,false_position,4,79.584,79.2
paper,P15,static_bf,4,51.547,51.133
paper,P15,cost_aware,4,70.747,70.316
paper,P15,newton,4,11.917,11.547
paper,P15,static_bf,5,52.113,51.69
paper,P15,trisection,5,157.421,157.014
paper,P15,stagnation_aware,5,71.227,70.784
paper,P15,cost_aware,5,70.44,69.967
paper,P15,false_position,5,81.762,81.373
paper,P15,static_tf,5,44.016,43.633
paper,P15,newton,5,11.028,10.647
paper,P15,adaptive_threshold,5,82.562,82.128
paper,P15,bisection,5,208.646,208.245
paper,P15,secant,5,10.535,10.14
paper,P15,false_position,6,84.33,83.922
paper,P15,bisection,6,201.47,201.093
paper,P15,adaptive_threshold,6,78.926,78.506
paper,P15,static_tf,6,44.372,43.924
paper,P15,cost_aware,6,69.282,68.835
paper,P15,newton,6,11.552,11.189
paper,P15,stagnation_aware,6,70.239,69.86
paper,P15,trisection,6,153.568,153.106
paper,P15,static_bf,6,49.394,48.971
paper,P15,secant,6,9.726,9.327
paper,P15,cost_aware,7,68.381,67.966
paper,P15,false_position,7,82.463,82.047
paper,P15,static_bf,7,46.965,46.546
paper,P15,stagnation_aware,7,67.027,66.616
paper,P15,secant,7,9.745,9.366
paper,P15,adaptive_threshold,7,83.916,83.508
paper,P15,newton,7,10.964,10.588
paper,P15,bisection,7,205.423,205.069
paper,P15,trisection,7,153.862,153.417
paper,P15,static_tf,7,42.584,42.207
paper,P15,false_position,8,77.096,76.673
paper,P15,static_bf,8,46.403,46.051
paper,P15,bisection,8,198.093,197.708
paper,P15,cost_aware,8,69.834,69.428
paper,P15,secant,8,10.012,9.66
paper,P15,stagnation_aware,8,70.66,70.264
paper,P15,trisection,8,153.424,152.981
paper,P15,adaptive_threshold,8,83.803,83.377
paper,P15,static_tf,8,41.682,41.273
paper,P15,newton,8,10.892,10.498
paper,P15,static_bf,9,51.499,51.076
paper,P15,trisection,9,151.418,150.923
paper,P15,false_position,9,83.176,82.681
paper,P15,bisection,9,193.026,192.649
paper,P15,static_tf,9,47.001,46.611
paper,P15,stagnation_aware,9,69.812,69.423
paper,P15,secant,9,9.769,9.388
paper,P15,adaptive_threshold,9,83.05,82.642
paper,P15,cost_aware,9,67.394,66.98
paper,P15,newton,9,10.836,10.436
paper,P15,stagnation_aware,10,71.233,70.81
paper,P15,static_bf,10,51.113,50.753
paper,P15,cost_aware,10,67.895,67.516
paper,P15,newton,10,10.887,10.553
paper,P15,static_tf,10,45.083,44.738
paper,P15,trisection,10,153.268,152.857
paper,P15,secant,10,9.533,9.189
paper,P15,false_position,10,79.928,79.594
paper,P15,bisection,10,198.435,197.962
paper,P15,adaptive_threshold,10,83.436,83.047
